h,t,m
50000.0,9.994689,0.07219559
50000.0,10.67784,0.07218748
50000.0,11.17501,0.07218148
50000.0,11.6965,0.0721721
50000.0,12.19197,0.07216156
50000.0,12.68407,0.07215398
50000.0,13.20353,0.07213809
50000.0,13.70113,0.07212937
50000.0,14.19997,0.07212272
50000.0,14.68735,0.07211507
50000.0,15.22504,0.0720937
50000.0,15.68714,0.07206768
50000.0,16.17814,0.07205838
50000.0,16.69799,0.07202829
50000.0,17.19489,0.07199341
50000.0,17.68776,0.07197402
50000.0,18.19534,0.07195153
50000.0,18.68231,0.0719154
50000.0,19.20308,0.07186985
50000.0,19.69902,0.07211696
50000.0,20.19924,0.07177676
50000.0,20.70465,0.07172356
50000.0,21.2045,0.07166891
50000.0,21.69834,0.07161548
50000.0,22.17059,0.07153901
50000.0,22.70508,0.0714726
50000.0,23.20096,0.0713986
50000.0,23.68252,0.07132185
50000.0,24.20029,0.07123467
50000.0,24.68649,0.07113027
50000.0,25.19971,0.07103723
50000.0,25.68507,0.07094583
50000.0,26.20786,0.07082335
50000.0,26.70698,0.07071234
50000.0,27.20929,0.07059337
50000.0,27.7033,0.07045936
50000.0,28.20432,0.07033463
50000.0,28.67666,0.07020864
50000.0,29.18663,0.07006624
50000.0,29.68179,0.06990606
50000.0,30.19907,0.06975607
50000.0,30.84798,0.0695556
50000.0,31.25856,0.06940727
50000.0,31.71008,0.0692452
50000.0,32.19763,0.06907747
50000.0,32.71512,0.06888372
50000.0,33.18012,0.06870831
50000.0,33.67434,0.0685172
50000.0,34.18573,0.0682987
50000.0,34.69741,0.06808729
50000.0,35.1869,0.06786188
50000.0,35.72297,0.06756186
50000.0,36.19486,0.06739743
50000.0,36.69738,0.06712712
50000.0,37.19688,0.06687203
50000.0,37.68544,0.06659759
50000.0,38.18357,0.06631669
50000.0,38.67407,0.06599889
50000.0,39.20023,0.06555887
50000.0,39.70106,0.06496544
50000.0,40.189,0.06416851
50000.0,40.69893,0.06304077
50000.0,41.18916,0.05927276
50000.0,41.68114,0.05485353
50000.0,42.1897,0.05174174
50000.0,42.6816,0.0493017
50000.0,43.20338,0.04791626
50000.0,43.6983,0.04696184
50000.0,44.18733,0.04610226
50000.0,44.68593,0.0453089
50000.0,45.18791,0.04453806
50000.0,45.69975,0.04380859
50000.0,46.18633,0.04311237
50000.0,46.69016,0.04239457
50000.0,47.18082,0.04175325
50000.0,47.68914,0.04110432
50000.0,48.17795,0.04048467
50000.0,48.70519,0.03981989
50000.0,49.19329,0.03915505
50000.0,49.68095,0.03860589
50000.0,50.18082,0.03803171
50000.0,50.82603,0.03731542
50000.0,51.21877,0.03685154
50000.0,51.69306,0.03637019
50000.0,52.18497,0.03585596
50000.0,52.6971,0.03534839
50000.0,53.18166,0.03484583
50000.0,53.69671,0.03435829
50000.0,54.17576,0.0339223
50000.0,54.70155,0.03342954
50000.0,55.18792,0.03297007
50000.0,55.69623,0.03253279
50000.0,56.21406,0.03209741
50000.0,56.6997,0.03167361
50000.0,57.186,0.0312679
50000.0,57.69622,0.03088332
50000.0,58.17887,0.03048181
50000.0,58.69283,0.03076386
50000.0,59.59962,0.02939808
50000.0,59.94625,0.02913517
50000.0,59.99951,0.02910191
48000.0,10.00203,0.07226664
48000.0,10.68715,0.07217032
48000.0,11.17102,0.07216062
48000.0,11.70246,0.07215383
48000.0,12.15472,0.07222548
48000.0,12.68773,0.07214081
48000.0,13.19177,0.07212955
48000.0,13.68763,0.07211623
48000.0,14.20697,0.07209897
48000.0,14.69657,0.07208628
48000.0,15.1937,0.07207108
48000.0,15.68201,0.07205211
48000.0,16.19432,0.07203579
48000.0,16.68845,0.07200353
48000.0,17.1935,0.07198386
48000.0,17.69095,0.07195535
48000.0,18.20755,0.07192144
48000.0,18.70505,0.07187556
48000.0,19.18834,0.07184671
48000.0,19.6829,0.0717941
48000.0,20.19844,0.07174212
48000.0,20.68497,0.07168852
48000.0,21.20662,0.07163604
48000.0,21.67191,0.07157376
48000.0,22.21415,0.07150561
48000.0,22.70098,0.07144091
48000.0,23.21507,0.07134902
48000.0,23.6954,0.07105293
48000.0,24.19985,0.07116982
48000.0,24.71247,0.07107291
48000.0,25.20528,0.07098397
48000.0,25.70997,0.07087161
48000.0,26.1909,0.07076404
48000.0,26.70084,0.07064229
48000.0,27.19503,0.07052496
48000.0,27.70397,0.07038692
48000.0,28.19754,0.07025513
48000.0,28.69753,0.07010952
48000.0,29.19841,0.06996817
48000.0,29.70745,0.06981163
48000.0,30.18962,0.06965983
48000.0,30.8152,0.06945489
48000.0,31.21953,0.06931055
48000.0,31.67019,0.06915331
48000.0,32.18316,0.06897213
48000.0,32.71257,0.06876767
48000.0,33.19881,0.06861442
48000.0,33.70894,0.0683702
48000.0,34.19556,0.06816618
48000.0,34.68124,0.06796595
48000.0,35.19033,0.06772467
48000.0,35.70795,0.06748681
48000.0,36.19325,0.06722853
48000.0,36.69627,0.06697143
48000.0,37.20552,0.06669644
48000.0,37.68098,0.06642471
48000.0,38.20348,0.06611419
48000.0,38.69845,0.06579546
48000.0,39.18238,0.06527986
48000.0,39.71621,0.06447345
48000.0,40.18088,0.06366275
48000.0,40.69628,0.06140223
48000.0,41.18075,0.05595997
48000.0,41.68584,0.05252051
48000.0,42.17487,0.0496713
48000.0,42.67818,0.04774921
48000.0,43.21807,0.04661762
48000.0,43.69182,0.04575399
48000.0,44.2035,0.04489268
48000.0,44.67633,0.04415677
48000.0,45.19313,0.04337382
48000.0,45.67412,0.0425947
48000.0,46.1855,0.04195714
48000.0,46.68053,0.0412859
48000.0,47.19645,0.04061497
48000.0,47.69238,0.03997352
48000.0,48.20089,0.03933406
48000.0,48.69993,0.03871072
48000.0,49.18528,0.0381241
48000.0,49.68179,0.03750953
48000.0,50.20275,0.03693469
48000.0,50.83442,0.03622669
48000.0,51.22802,0.03579642
48000.0,51.69109,0.03531363
48000.0,52.2085,0.03476565
48000.0,52.67817,0.03433388
48000.0,53.19283,0.03365172
48000.0,53.67825,0.03333386
48000.0,54.19456,0.03287112
48000.0,54.70047,0.03241887
48000.0,55.19005,0.03195626
48000.0,55.67542,0.0315466
48000.0,56.21519,0.03108061
48000.0,56.69074,0.03068704
48000.0,57.20326,0.0302533
48000.0,57.69376,0.0298809
48000.0,58.18363,0.02948291
48000.0,58.69048,0.02910539
48000.0,59.19664,0.02874104
48000.0,59.69719,0.02838272
48000.0,59.99577,0.02814709
46000.0,10.00204,0.07214981
46000.0,10.68157,0.07213703
46000.0,11.17689,0.07212355
46000.0,11.6791,0.07211398
46000.0,12.14816,0.07211009
46000.0,12.70404,0.07210204
46000.0,13.20468,0.07208261
46000.0,13.68328,0.07206547
46000.0,14.20996,0.07206748
46000.0,14.68707,0.07204542
46000.0,15.19921,0.07203411
46000.0,15.69116,0.07201339
46000.0,16.22785,0.07199527
46000.0,16.70853,0.07196478
46000.0,17.18581,0.07194804
46000.0,17.68222,0.07190958
46000.0,18.18279,0.07189065
46000.0,18.70421,0.07184694
46000.0,19.21523,0.07179654
46000.0,19.70716,0.07176133
46000.0,20.21387,0.07169683
46000.0,20.70152,0.07164657
46000.0,21.21653,0.07157899
46000.0,21.70343,0.07152224
46000.0,22.18276,0.07144511
46000.0,22.67757,0.0713741
46000.0,23.17828,0.07130901
46000.0,23.68507,0.07121047
46000.0,24.19793,0.07111794
46000.0,24.69122,0.07101947
46000.0,25.19883,0.07091104
46000.0,25.69935,0.07080742
46000.0,26.20195,0.07068528
46000.0,26.71077,0.07057016
46000.0,27.18946,0.0704411
46000.0,27.70556,0.07031742
46000.0,28.18591,0.0701708
46000.0,28.69058,0.07002386
46000.0,29.19906,0.06987604
46000.0,29.69746,0.06970091
46000.0,30.19164,0.06955095
46000.0,30.84227,0.06943165
46000.0,31.23495,0.06919272
46000.0,31.69646,0.06903719
46000.0,32.20423,0.06884402
46000.0,32.70787,0.06865171
46000.0,33.19533,0.06845049
46000.0,33.68945,0.06824174
46000.0,34.18613,0.0680306
46000.0,34.68847,0.06780215
46000.0,35.18701,0.06756921
46000.0,35.6918,0.06731659
46000.0,36.18398,0.06707407
46000.0,36.70892,0.06678715
46000.0,37.20946,0.06650116
46000.0,37.69717,0.06620771
46000.0,38.19717,0.06589237
46000.0,38.68402,0.0655079
46000.0,39.18946,0.06491159
46000.0,39.68349,0.06403528
46000.0,40.18341,0.06284428
46000.0,40.70139,0.05789575
46000.0,41.19365,0.05325565
46000.0,41.69706,0.04986336
46000.0,42.17958,0.04750365
46000.0,42.69402,0.04628584
46000.0,43.17383,0.0453819
46000.0,43.68046,0.04450654
46000.0,44.1881,0.04367965
46000.0,44.68004,0.04293614
46000.0,45.18256,0.04217532
46000.0,45.69042,0.04146587
46000.0,46.19977,0.04074616
46000.0,46.69586,0.04009918
46000.0,47.19147,0.03943789
46000.0,47.69573,0.03880208
46000.0,48.19658,0.03818865
46000.0,48.69039,0.03758535
46000.0,49.18707,0.03697781
46000.0,49.69352,0.03637766
46000.0,50.18904,0.03591825
46000.0,50.80732,0.0351345
46000.0,51.17896,0.03472662
46000.0,51.71132,0.03417332
46000.0,52.2094,0.03367249
46000.0,52.69315,0.03319885
46000.0,53.17461,0.03274533
46000.0,53.69167,0.03226703
46000.0,54.20085,0.03178257
46000.0,54.67924,0.03135859
46000.0,55.18576,0.03092244
46000.0,55.71597,0.03047745
46000.0,56.19735,0.03006948
46000.0,56.67941,0.02966846
46000.0,57.17916,0.02927089
46000.0,57.69966,0.02888039
46000.0,58.18359,0.0285031
46000.0,58.67242,0.02813451
46000.0,59.17718,0.02778114
46000.0,59.6958,0.02739387
46000.0,59.99826,0.0271799
44000.0,10.00053,0.07212967
44000.0,10.71086,0.07211109
44000.0,11.19291,0.07210563
44000.0,11.66873,0.07209501
44000.0,12.16868,0.07207889
44000.0,12.68003,0.07207093
44000.0,13.19612,0.07206583
44000.0,13.70306,0.07206113
44000.0,14.20803,0.07204462
44000.0,14.70852,0.07201737
44000.0,15.21066,0.07199984
44000.0,15.69254,0.07199247
44000.0,16.19279,0.07195878
44000.0,16.69606,0.07194081
44000.0,17.19779,0.07191855
44000.0,17.7154,0.07188495
44000.0,18.20194,0.07185329
44000.0,18.67102,0.07181454
44000.0,19.21994,0.07176001
44000.0,19.70628,0.07171686
44000.0,20.20638,0.07166611
44000.0,20.68546,0.07160589
44000.0,21.19338,0.07154701
44000.0,21.70002,0.07146826
44000.0,22.20141,0.07141218
44000.0,22.70623,0.07132927
44000.0,23.19978,0.07124728
44000.0,23.66401,0.07115601
44000.0,24.19474,0.07105126
44000.0,24.68321,0.07097912
44000.0,25.20434,0.07085495
44000.0,25.69493,0.07073528
44000.0,26.20127,0.07061607
44000.0,26.70397,0.07049551
44000.0,27.19426,0.07034844
44000.0,27.69519,0.07022296
44000.0,28.19848,0.07007622
44000.0,28.70192,0.06992557
44000.0,29.19471,0.06978519
44000.0,29.69386,0.06960808
44000.0,30.19489,0.06944837
44000.0,30.8115,0.06925003
44000.0,31.19318,0.06910645
44000.0,31.68133,0.06883048
44000.0,32.20302,0.06871422
44000.0,32.68784,0.06851605
44000.0,33.22021,0.06830276
44000.0,33.69444,0.06809846
44000.0,34.20714,0.06787253
44000.0,34.70856,0.06763281
44000.0,35.20823,0.06738625
44000.0,35.70273,0.06714276
44000.0,36.20988,0.06687571
44000.0,36.69039,0.06661199
44000.0,37.19965,0.0663076
44000.0,37.69157,0.06601453
44000.0,38.1932,0.0656636
44000.0,38.69447,0.06520382
44000.0,39.21679,0.06438012
44000.0,39.69931,0.06342974
44000.0,40.20141,0.06052665
44000.0,40.70265,0.05428312
44000.0,41.17232,0.05067405
44000.0,41.67525,0.04758145
44000.0,42.19305,0.04596914
44000.0,42.69057,0.04495831
44000.0,43.20617,0.04404958
44000.0,43.70044,0.04320179
44000.0,44.18002,0.04243495
44000.0,44.70982,0.04163517
44000.0,45.17873,0.04093641
44000.0,45.70822,0.04020394
44000.0,46.19888,0.03952182
44000.0,46.69265,0.03887122
44000.0,47.18419,0.03823065
44000.0,47.70998,0.03758821
44000.0,48.2077,0.03697669
44000.0,48.70858,0.0363685
44000.0,49.19064,0.03579561
44000.0,49.69531,0.03520988
44000.0,50.20267,0.03464557
44000.0,50.78413,0.03401124
44000.0,51.19885,0.0335597
44000.0,51.6931,0.03306203
44000.0,52.21238,0.03254501
44000.0,52.69502,0.03226008
44000.0,53.19183,0.03161311
44000.0,53.70916,0.03113106
44000.0,54.16846,0.03074655
44000.0,54.66859,0.03026519
44000.0,55.19437,0.02982214
44000.0,55.69405,0.02941279
44000.0,56.19617,0.029011
44000.0,56.72124,0.02859033
44000.0,57.18607,0.02823264
44000.0,57.73234,0.02780352
44000.0,58.18359,0.02746573
44000.0,58.69051,0.02709809
44000.0,59.1833,0.02675163
44000.0,59.69957,0.02640442
44000.0,59.98953,0.02603939
42000.0,10.00064,0.07208529
42000.0,10.68203,0.07207656
42000.0,11.18459,0.07206404
42000.0,11.66706,0.07206229
42000.0,12.17468,0.07205358
42000.0,12.73316,0.07203475
42000.0,13.20081,0.07202657
42000.0,13.6881,0.07201343
42000.0,14.18568,0.07199936
42000.0,14.68255,0.07198496
42000.0,15.19753,0.0719625
42000.0,15.70113,0.07194088
42000.0,16.1796,0.07193028
42000.0,16.69503,0.07190066
42000.0,17.21753,0.07186753
42000.0,17.68473,0.07193808
42000.0,18.18699,0.07180385
42000.0,18.67473,0.07178578
42000.0,19.20129,0.07170481
42000.0,19.68631,0.07166531
42000.0,20.17944,0.07161792
42000.0,20.69503,0.07155294
42000.0,21.18003,0.07148581
42000.0,21.69837,0.07142658
42000.0,22.20635,0.07133244
42000.0,22.68561,0.07126625
42000.0,23.19207,0.07118664
42000.0,23.69304,0.0710915
42000.0,24.18699,0.07098342
42000.0,24.70958,0.07088141
42000.0,25.20319,0.07077398
42000.0,25.68849,0.07066237
42000.0,26.1996,0.07054495
42000.0,26.701,0.07038995
42000.0,27.17685,0.07029158
42000.0,27.71301,0.07013486
42000.0,28.21521,0.06998027
42000.0,28.71037,0.06983034
42000.0,29.20448,0.06967212
42000.0,29.70382,0.06950828
42000.0,30.21648,0.06932353
42000.0,30.86105,0.06910974
42000.0,31.24717,0.06895815
42000.0,31.694,0.0687886
42000.0,32.18877,0.06858531
42000.0,32.69965,0.0683834
42000.0,33.18547,0.06816538
42000.0,33.68207,0.06795827
42000.0,34.21348,0.06771522
42000.0,34.68404,0.06748614
42000.0,35.19197,0.06722612
42000.0,35.68972,0.06697411
42000.0,36.17259,0.06671236
42000.0,36.70463,0.06640089
42000.0,37.20454,0.06609967
42000.0,37.73494,0.06574941
42000.0,38.21937,0.0653979
42000.0,38.67532,0.06484785
42000.0,39.19248,0.06383482
42000.0,39.71558,0.06212844
42000.0,40.20501,0.0562582
42000.0,40.70019,0.05124934
42000.0,41.1872,0.04768324
42000.0,41.67724,0.0456212
42000.0,42.19905,0.04446775
42000.0,42.69676,0.04357712
42000.0,43.21742,0.04267501
42000.0,43.70131,0.04175802
42000.0,44.17997,0.04109371
42000.0,44.70242,0.04033645
42000.0,45.20532,0.03961633
42000.0,45.69356,0.03893562
42000.0,46.19652,0.03825359
42000.0,46.69343,0.03761004
42000.0,47.18564,0.03698807
42000.0,47.68414,0.03636644
42000.0,48.19244,0.03584621
42000.0,48.69122,0.03517602
42000.0,49.19145,0.03456281
42000.0,49.70062,0.03402844
42000.0,50.19089,0.03347243
42000.0,50.84172,0.03276737
42000.0,51.21199,0.03236368
42000.0,51.6921,0.03191281
42000.0,52.19382,0.03142668
42000.0,52.70797,0.03093454
42000.0,53.1807,0.03047993
42000.0,53.69681,0.030025
42000.0,54.18414,0.02959332
42000.0,54.67607,0.02916951
42000.0,55.19871,0.0287187
42000.0,55.70612,0.02831903
42000.0,56.18509,0.02793099
42000.0,56.69635,0.02753043
42000.0,57.16997,0.02717328
42000.0,57.71013,0.02675042
42000.0,58.199,0.02642559
42000.0,58.6796,0.0260847
42000.0,59.1784,0.025738
42000.0,59.69468,0.02537484
42000.0,59.99203,0.02517596
40000.0,10.02768,0.07206457
40000.0,10.68216,0.07206098
40000.0,11.16612,0.07206056
40000.0,11.67605,0.07203848
40000.0,12.14347,0.07203111
40000.0,12.69612,0.07201226
40000.0,13.2004,0.07201085
40000.0,13.70298,0.0719901
40000.0,14.19475,0.07197689
40000.0,14.68114,0.07195709
40000.0,15.20423,0.07194936
40000.0,15.6629,0.07192323
40000.0,16.1824,0.07190054
40000.0,16.69068,0.07187338
40000.0,17.18324,0.07184604
40000.0,17.68184,0.07181036
40000.0,18.20448,0.0717667
40000.0,18.70739,0.07172974
40000.0,19.18064,0.07168598
40000.0,19.68109,0.0716401
40000.0,20.18676,0.07157939
40000.0,20.69568,0.07152392
40000.0,21.19537,0.07144649
40000.0,21.70878,0.07137357
40000.0,22.21003,0.0712966
40000.0,22.68793,0.07122444
40000.0,23.19432,0.07112718
40000.0,23.70161,0.0710253
40000.0,24.18564,0.07092955
40000.0,24.695,0.07081883
40000.0,25.19279,0.0707145
40000.0,25.69152,0.07060023
40000.0,26.20405,0.07046518
40000.0,26.68653,0.07033814
40000.0,27.19426,0.07019684
40000.0,27.68049,0.07005525
40000.0,28.19772,0.06990323
40000.0,28.69751,0.06973404
40000.0,29.21151,0.06956897
40000.0,29.6984,0.06940849
40000.0,30.20335,0.0692343
40000.0,30.83844,0.06900191
40000.0,31.22245,0.06885124
40000.0,31.71822,0.06848055
40000.0,32.1769,0.06846794
40000.0,32.69831,0.06824318
40000.0,33.19357,0.06802119
40000.0,33.71137,0.06779986
40000.0,34.19503,0.06763808
40000.0,34.70135,0.06731009
40000.0,35.19099,0.06705679
40000.0,35.71198,0.06677869
40000.0,36.18134,0.06651281
40000.0,36.72215,0.06619298
40000.0,37.1959,0.06588785
40000.0,37.69817,0.06554619
40000.0,38.18867,0.06512868
40000.0,38.70198,0.06429856
40000.0,39.20492,0.06313966
40000.0,39.69553,0.05918134
40000.0,40.19029,0.05248772
40000.0,40.6913,0.04799859
40000.0,41.19308,0.04525726
40000.0,41.70226,0.04400954
40000.0,42.18763,0.04305632
40000.0,42.70771,0.04214125
40000.0,43.19706,0.04130365
40000.0,43.68404,0.04051228
40000.0,44.20485,0.03974535
40000.0,44.69564,0.03900783
40000.0,45.17418,0.03834061
40000.0,45.6935,0.03762633
40000.0,46.19505,0.03694964
40000.0,46.68537,0.03633738
40000.0,47.20062,0.03567125
40000.0,47.68658,0.03509083
40000.0,48.19675,0.03447905
40000.0,48.69736,0.033899
40000.0,49.20378,0.03332164
40000.0,49.69442,0.03276827
40000.0,50.2037,0.03222461
40000.0,50.82788,0.03156332
40000.0,51.20916,0.0311478
40000.0,51.69402,0.03069456
40000.0,52.19181,0.03020731
40000.0,52.70303,0.02975177
40000.0,53.20295,0.02922144
40000.0,53.68034,0.02885887
40000.0,54.18416,0.02842072
40000.0,54.69297,0.02802729
40000.0,55.1954,0.02759865
40000.0,55.71812,0.02718342
40000.0,56.19519,0.02681406
40000.0,56.71781,0.02642119
40000.0,57.18838,0.0260436
40000.0,57.70086,0.02572017
40000.0,58.18719,0.02534643
40000.0,58.68802,0.02501068
40000.0,59.1759,0.02467388
40000.0,59.69344,0.02433476
40000.0,59.99452,0.02413582
38000.0,9.998936,0.07203079
38000.0,10.67137,0.07200372
38000.0,11.16767,0.07199233
38000.0,11.68279,0.07198849
38000.0,12.20251,0.07197658
38000.0,12.68612,0.07196663
38000.0,13.187,0.0719544
38000.0,13.69761,0.07194149
38000.0,14.20436,0.07192176
38000.0,14.70225,0.07190768
38000.0,15.20111,0.07189284
38000.0,15.68415,0.07187462
38000.0,16.19168,0.07184614
38000.0,16.6951,0.0718255
38000.0,17.18607,0.07179318
38000.0,17.68882,0.0717674
38000.0,18.20342,0.07171688
38000.0,18.68803,0.07168254
38000.0,19.18584,0.07162967
38000.0,19.69474,0.07157689
38000.0,20.18687,0.07151453
38000.0,20.70844,0.07144874
38000.0,21.18946,0.0713796
38000.0,21.68402,0.0713115
38000.0,22.20072,0.0712311
38000.0,22.68724,0.07114955
38000.0,23.18607,0.07105327
38000.0,23.69246,0.07095107
38000.0,24.19221,0.07085796
38000.0,24.69046,0.07073797
38000.0,25.19637,0.07062032
38000.0,25.69646,0.0705013
38000.0,26.20044,0.07037297
38000.0,26.67582,0.07036055
38000.0,27.18475,0.07009645
38000.0,27.70879,0.06994385
38000.0,28.21437,0.06978155
38000.0,28.68011,0.06962931
38000.0,29.19125,0.06945751
38000.0,29.6993,0.06928696
38000.0,30.20127,0.0691127
38000.0,30.81002,0.06888707
38000.0,31.2135,0.06871559
38000.0,31.68666,0.06852699
38000.0,32.20127,0.06830151
38000.0,32.70271,0.06808173
38000.0,33.18421,0.06786793
38000.0,33.70311,0.06762502
38000.0,34.19415,0.06739181
38000.0,34.69427,0.06713293
38000.0,35.18552,0.06686658
38000.0,35.70016,0.06658752
38000.0,36.20832,0.06628593
38000.0,36.70104,0.06598168
38000.0,37.20937,0.06564023
38000.0,37.68768,0.06528381
38000.0,38.20346,0.0646812
38000.0,38.68347,0.06361774
38000.0,39.18711,0.06172151
38000.0,39.69923,0.05406978
38000.0,40.18766,0.04886438
38000.0,40.69518,0.04503033
38000.0,41.19369,0.04350023
38000.0,41.6693,0.04252494
38000.0,42.21135,0.04153194
38000.0,42.70988,0.04068087
38000.0,43.18789,0.0398853
38000.0,43.69977,0.03908416
38000.0,44.20786,0.03831694
38000.0,44.68153,0.03763428
38000.0,45.18859,0.03697373
38000.0,45.67256,0.03627806
38000.0,46.21313,0.03557691
38000.0,46.69586,0.03495393
38000.0,47.18077,0.03436306
38000.0,47.70332,0.03374086
38000.0,48.20096,0.03318575
38000.0,48.69651,0.03260124
38000.0,49.18436,0.0321322
38000.0,49.72045,0.03145213
38000.0,50.18541,0.03096019
38000.0,50.81302,0.03032644
38000.0,51.20262,0.0299309
38000.0,51.69695,0.0294634
38000.0,52.18501,0.02900551
38000.0,52.71496,0.02851517
38000.0,53.19386,0.02809934
38000.0,53.68653,0.02768327
38000.0,54.19146,0.02724714
38000.0,54.68565,0.02683626
38000.0,55.20298,0.02644075
38000.0,55.67762,0.02606526
38000.0,56.20509,0.02567093
38000.0,56.67709,0.02532263
38000.0,57.20784,0.02494163
38000.0,57.69386,0.02461026
38000.0,58.20371,0.02426199
38000.0,58.70248,0.02392828
38000.0,59.2162,0.02358113
38000.0,59.69215,0.02327583
38000.0,59.99203,0.0230848
36000.0,10.0156,0.07198907
36000.0,10.69662,0.07197502
36000.0,11.16133,0.07196314
36000.0,11.68221,0.07195083
36000.0,12.17343,0.07194784
36000.0,12.70111,0.07193278
36000.0,13.20016,0.07191097
36000.0,13.69306,0.07191171
36000.0,14.20003,0.07189499
36000.0,14.7144,0.07187337
36000.0,15.20249,0.07185526
36000.0,15.69075,0.07183614
36000.0,16.19563,0.07180917
36000.0,16.68766,0.0717862
36000.0,17.19468,0.07175202
36000.0,17.69432,0.07171535
36000.0,18.18811,0.07166874
36000.0,18.73114,0.07162961
36000.0,19.22643,0.07157673
36000.0,19.69971,0.0715249
36000.0,20.20722,0.07146505
36000.0,20.69535,0.07139932
36000.0,21.1874,0.0713275
36000.0,21.70498,0.0712487
36000.0,22.19162,0.07117213
36000.0,22.70723,0.07107448
36000.0,23.18183,0.0711506
36000.0,23.68324,0.07088282
36000.0,24.1831,0.07077632
36000.0,24.6772,0.07067926
36000.0,25.199,0.07054421
36000.0,25.67863,0.07041946
36000.0,26.20694,0.07027856
36000.0,26.67884,0.07015104
36000.0,27.19194,0.06998812
36000.0,27.70337,0.06984343
36000.0,28.19591,0.0696611
36000.0,28.70451,0.06951362
36000.0,29.19915,0.06933808
36000.0,29.69749,0.06915627
36000.0,30.19876,0.06896812
36000.0,30.78997,0.06874558
36000.0,31.20757,0.0685721
36000.0,31.69118,0.06836687
36000.0,32.20428,0.06811584
36000.0,32.69214,0.06794453
36000.0,33.19888,0.0677021
36000.0,33.69354,0.06746218
36000.0,34.21468,0.06719686
36000.0,34.70241,0.06694122
36000.0,35.20485,0.06665773
36000.0,35.69682,0.06638563
36000.0,36.1985,0.0660709
36000.0,36.69511,0.0657617
36000.0,37.17635,0.06541159
36000.0,37.7066,0.06497903
36000.0,38.17505,0.06419794
36000.0,38.68456,0.06281078
36000.0,39.20608,0.05713693
36000.0,39.70287,0.0498489
36000.0,40.1977,0.04517219
36000.0,40.68495,0.04302597
36000.0,41.21369,0.0418491
36000.0,41.70499,0.04093205
36000.0,42.19778,0.04006079
36000.0,42.69675,0.0392241
36000.0,43.19988,0.03840406
36000.0,43.69626,0.03764213
36000.0,44.19543,0.03690829
36000.0,44.68231,0.03621843
36000.0,45.20223,0.03550723
36000.0,45.67566,0.03486163
36000.0,46.16734,0.03424413
36000.0,46.7014,0.03358767
36000.0,47.2079,0.03296405
36000.0,47.71256,0.03237662
36000.0,48.19672,0.03181845
36000.0,48.70947,0.03124966
36000.0,49.19411,0.03071025
36000.0,49.69614,0.03018654
36000.0,50.18908,0.02967742
36000.0,50.81491,0.029037
36000.0,51.21297,0.02863069
36000.0,51.69499,0.02819989
36000.0,52.1899,0.02774693
36000.0,52.72197,0.02728253
36000.0,53.19385,0.02686875
36000.0,53.69169,0.02645198
36000.0,54.20193,0.02603867
36000.0,54.69093,0.02564811
36000.0,55.20729,0.02525313
36000.0,55.69627,0.02488563
36000.0,56.18739,0.02452871
36000.0,56.68733,0.02416671
36000.0,57.19065,0.02381488
36000.0,57.70432,0.02347264
36000.0,58.19309,0.02313554
36000.0,58.69891,0.02282305
36000.0,59.17596,0.02252097
36000.0,59.6896,0.02220776
36000.0,59.9995,0.02200655
34000.0,10.0059,0.07194199
34000.0,10.69213,0.07192429
34000.0,11.17546,0.07191371
34000.0,11.69163,0.07190525
34000.0,12.17697,0.07189295
34000.0,12.68208,0.07188749
34000.0,13.22354,0.07187246
34000.0,13.70629,0.07194829
34000.0,14.18905,0.07185138
34000.0,14.69108,0.0718233
34000.0,15.18417,0.07180987
34000.0,15.69872,0.07178423
34000.0,16.18576,0.07175816
34000.0,16.69294,0.07173112
34000.0,17.18599,0.07169534
34000.0,17.68711,0.07167017
34000.0,18.19003,0.07162296
34000.0,18.69674,0.07157151
34000.0,19.20424,0.07151742
34000.0,19.68465,0.07137427
34000.0,20.19328,0.07140014
34000.0,20.68787,0.07133383
34000.0,21.20348,0.07125676
34000.0,21.68137,0.07118536
34000.0,22.2089,0.07109111
34000.0,22.69312,0.07100059
34000.0,23.18126,0.07090843
34000.0,23.68685,0.07080355
34000.0,24.19328,0.07068435
34000.0,24.71627,0.07057291
34000.0,25.20164,0.07044397
34000.0,25.71697,0.07032442
34000.0,26.20568,0.07017806
34000.0,26.68344,0.07004213
34000.0,27.19825,0.06988814
34000.0,27.68703,0.06982331
34000.0,28.19589,0.06956684
34000.0,28.68616,0.06939844
34000.0,29.21156,0.06921699
34000.0,29.70654,0.06903955
34000.0,30.1829,0.06885809
34000.0,30.80186,0.06844097
34000.0,31.20776,0.06843705
34000.0,31.70104,0.06822057
34000.0,32.18663,0.06800552
34000.0,32.69093,0.06778049
34000.0,33.19209,0.06753055
34000.0,33.69531,0.06728342
34000.0,34.20634,0.06702749
34000.0,34.69992,0.06675265
34000.0,35.18951,0.06647114
34000.0,35.68261,0.06617678
34000.0,36.17725,0.06586748
34000.0,36.68085,0.06552097
34000.0,37.20935,0.06512529
34000.0,37.67766,0.06459942
34000.0,38.18647,0.06336721
34000.0,38.71314,0.060335
34000.0,39.20129,0.0512426
34000.0,39.70105,0.04546148
34000.0,40.19021,0.04245963
34000.0,40.71594,0.04119699
34000.0,41.21761,0.04020382
34000.0,41.69511,0.03933921
34000.0,42.18568,0.03850444
34000.0,42.69407,0.03767087
34000.0,43.19205,0.03688793
34000.0,43.67609,0.03616113
34000.0,44.19762,0.03538205
34000.0,44.69205,0.03470313
34000.0,45.21293,0.03402289
34000.0,45.70197,0.0333758
34000.0,46.18081,0.0327635
34000.0,46.69259,0.03214426
34000.0,47.19313,0.03155492
34000.0,47.69253,0.03099809
34000.0,48.19499,0.0304269
34000.0,48.67735,0.02990526
34000.0,49.20205,0.02935072
34000.0,49.68818,0.02883629
34000.0,50.18172,0.02833144
34000.0,50.82145,0.02771304
34000.0,51.21854,0.02734455
34000.0,51.69887,0.02694763
34000.0,52.18598,0.02646594
34000.0,52.6722,0.026048
34000.0,53.1797,0.02562964
34000.0,53.69271,0.02521582
34000.0,54.19249,0.02480807
34000.0,54.69733,0.02443609
34000.0,55.1825,0.02407385
34000.0,55.69839,0.02367904
34000.0,56.20287,0.02332591
34000.0,56.69067,0.02299451
34000.0,57.18831,0.0226635
34000.0,57.70658,0.02233
34000.0,58.19302,0.02201513
34000.0,58.70847,0.02170451
34000.0,59.19059,0.02140058
34000.0,59.70579,0.02109689
34000.0,59.99203,0.02092503
32000.0,9.999251,0.07187927
32000.0,10.67912,0.07187351
32000.0,11.18955,0.07186666
32000.0,11.69951,0.07185346
32000.0,12.18359,0.07184516
32000.0,12.71782,0.07183544
32000.0,13.19644,0.07181431
32000.0,13.68875,0.07180855
32000.0,14.1916,0.07178554
32000.0,14.69996,0.07177524
32000.0,15.20183,0.07175436
32000.0,15.70404,0.07173576
32000.0,16.2098,0.07165612
32000.0,16.68187,0.07167241
32000.0,17.21086,0.07163198
32000.0,17.6995,0.07159991
32000.0,18.18007,0.07154748
32000.0,18.70303,0.07150312
32000.0,19.18069,0.07145809
32000.0,19.72614,0.07139395
32000.0,20.2057,0.0713274
32000.0,20.71062,0.07125722
32000.0,21.19992,0.07118741
32000.0,21.70739,0.07110227
32000.0,22.18663,0.07102062
32000.0,22.6953,0.0709245
32000.0,23.18784,0.07082313
32000.0,23.70794,0.07071033
32000.0,24.19601,0.07059627
32000.0,24.71088,0.07046449
32000.0,25.188,0.07035484
32000.0,25.70839,0.07021656
32000.0,26.18431,0.07007157
32000.0,26.68193,0.06993455
32000.0,27.20535,0.06977093
32000.0,27.70889,0.06961297
32000.0,28.18087,0.06944352
32000.0,28.68629,0.06927066
32000.0,29.1903,0.06908442
32000.0,29.68642,0.06889507
32000.0,30.17531,0.06894329
32000.0,30.78632,0.06846543
32000.0,31.20834,0.06827617
32000.0,31.70341,0.06806185
32000.0,32.2114,0.06782047
32000.0,32.69732,0.06759886
32000.0,33.21265,0.06733079
32000.0,33.71582,0.06707704
32000.0,34.1875,0.06683275
32000.0,34.70753,0.06652348
32000.0,35.19246,0.06624278
32000.0,35.70893,0.06591732
32000.0,36.19695,0.06559175
32000.0,36.73277,0.06521453
32000.0,37.20287,0.06481374
32000.0,37.68766,0.06396052
32000.0,38.18984,0.06227632
32000.0,38.69092,0.05448471
32000.0,39.19721,0.04625152
32000.0,39.69551,0.04191515
32000.0,40.21696,0.04048404
32000.0,40.6964,0.03948329
32000.0,41.18657,0.03860274
32000.0,41.69511,0.03769188
32000.0,42.20861,0.03684023
32000.0,42.68995,0.0360518
32000.0,43.20271,0.03528484
32000.0,43.68611,0.03456088
32000.0,44.2019,0.03383263
32000.0,44.70098,0.03316197
32000.0,45.20454,0.03249852
32000.0,45.68423,0.0318857
32000.0,46.20916,0.03127817
32000.0,46.68373,0.03066455
32000.0,47.1899,0.030089
32000.0,47.68162,0.02954857
32000.0,48.19756,0.02899587
32000.0,48.67999,0.02848476
32000.0,49.19941,0.02794746
32000.0,49.69983,0.02743775
32000.0,50.18262,0.02696071
32000.0,50.8101,0.02635589
32000.0,51.19128,0.02600731
32000.0,51.69589,0.02556935
32000.0,52.1958,0.02515165
32000.0,52.69808,0.02473905
32000.0,53.19386,0.02433089
32000.0,53.67521,0.02395942
32000.0,54.20602,0.02355618
32000.0,54.67286,0.02319958
32000.0,55.2094,0.02282689
32000.0,55.69624,0.02247602
32000.0,56.18514,0.02214816
32000.0,56.6964,0.02181738
32000.0,57.21011,0.02147719
32000.0,57.68917,0.02118321
32000.0,58.18835,0.020874
32000.0,58.69162,0.02057
32000.0,59.19549,0.02028009
32000.0,59.72045,0.01999285
32000.0,59.99203,0.01982056
30000.0,10.00327,0.07182859
30000.0,10.67854,0.07181898
30000.0,11.17859,0.07181317
30000.0,11.67327,0.07179826
30000.0,12.1746,0.07179545
30000.0,12.70619,0.07178208
30000.0,13.21515,0.0717692
30000.0,13.71093,0.07175481
30000.0,14.18997,0.07174131
30000.0,14.68707,0.07171461
30000.0,15.20839,0.07167768
30000.0,15.68779,0.07167096
30000.0,16.20631,0.07164317
30000.0,16.68793,0.07161494
30000.0,17.18599,0.07157751
30000.0,17.70116,0.07153427
30000.0,18.20242,0.07149699
30000.0,18.70208,0.07144378
30000.0,19.20168,0.07139224
30000.0,19.66778,0.07132919
30000.0,20.19593,0.0710882
30000.0,20.70171,0.07119521
30000.0,21.19996,0.07111548
30000.0,21.68614,0.07103797
30000.0,22.19529,0.07092598
30000.0,22.69427,0.07083923
30000.0,23.21566,0.07072669
30000.0,23.68069,0.07063656
30000.0,24.20947,0.07051492
30000.0,24.69516,0.07040273
30000.0,25.20985,0.07023839
30000.0,25.6893,0.07012609
30000.0,26.20192,0.06996423
30000.0,26.69563,0.06982194
30000.0,27.20607,0.06965897
30000.0,27.70084,0.06948495
30000.0,28.19182,0.06930578
30000.0,28.69757,0.06913664
30000.0,29.20273,0.06894909
30000.0,29.70291,0.06886806
30000.0,30.20221,0.06854667
30000.0,30.84399,0.06827924
30000.0,31.25776,0.06810214
30000.0,31.68537,0.06795167
30000.0,32.19636,0.06765635
30000.0,32.68999,0.06740716
30000.0,33.17075,0.06717285
30000.0,33.69262,0.0668899
30000.0,34.19791,0.06660567
30000.0,34.6889,0.06632604
30000.0,35.19781,0.06600848
30000.0,35.71338,0.065684
30000.0,36.19891,0.0653365
30000.0,36.71149,0.06494565
30000.0,37.19807,0.06440995
30000.0,37.68493,0.0629843
30000.0,38.19324,0.05857852
30000.0,38.6776,0.04780324
30000.0,39.19244,0.04178953
30000.0,39.69258,0.03980903
30000.0,40.20511,0.03869286
30000.0,40.69693,0.03777353
30000.0,41.18724,0.03686602
30000.0,41.68972,0.03598566
30000.0,42.20449,0.03515183
30000.0,42.6822,0.03441755
30000.0,43.1928,0.03365906
30000.0,43.69556,0.03293755
30000.0,44.20488,0.03222042
30000.0,44.69723,0.03157572
30000.0,45.2001,0.03093051
30000.0,45.6897,0.03031298
30000.0,46.20375,0.02970759
30000.0,46.69501,0.02915123
30000.0,47.19894,0.02857806
30000.0,47.7049,0.02804803
30000.0,48.19758,0.02750646
30000.0,48.69385,0.02700663
30000.0,49.20378,0.02648816
30000.0,49.67557,0.02607129
30000.0,50.19641,0.025544
30000.0,50.83817,0.02495571
30000.0,51.21847,0.02462986
30000.0,51.67674,0.02421408
30000.0,52.19279,0.02380514
30000.0,52.69115,0.02341009
30000.0,53.209,0.02300493
30000.0,53.68957,0.02264597
30000.0,54.17472,0.02229739
30000.0,54.69833,0.02191762
30000.0,55.20306,0.02156648
30000.0,55.70174,0.02123972
30000.0,56.20957,0.02090867
30000.0,56.68731,0.02059831
30000.0,57.21363,0.02027849
30000.0,57.69271,0.01999327
30000.0,58.19428,0.01969783
30000.0,58.69165,0.01941839
30000.0,59.19551,0.01919457
30000.0,59.69708,0.01886665
30000.0,59.99203,0.01869821
28000.0,9.993271,0.071789
28000.0,10.69775,0.07177527
28000.0,11.17257,0.0717643
28000.0,11.68489,0.07174478
28000.0,12.15584,0.0717368
28000.0,12.70498,0.07171922
28000.0,13.22181,0.07162622
28000.0,13.68081,0.07169968
28000.0,14.1827,0.07168324
28000.0,14.68536,0.07166673
28000.0,15.18228,0.07164551
28000.0,15.7058,0.07161826
28000.0,16.18663,0.07159279
28000.0,16.71177,0.07155269
28000.0,17.1952,0.07151828
28000.0,17.68558,0.07147174
28000.0,18.20079,0.07143104
28000.0,18.71663,0.07137612
28000.0,19.17397,0.07132447
28000.0,19.69574,0.07125098
28000.0,20.19833,0.07118906
28000.0,20.699,0.0711151
28000.0,21.1903,0.07103541
28000.0,21.69632,0.07094689
28000.0,22.19481,0.07085217
28000.0,22.69089,0.07075123
28000.0,23.18299,0.07065267
28000.0,23.69732,0.07053555
28000.0,24.19535,0.07040551
28000.0,24.67387,0.07028238
28000.0,25.18802,0.07014368
28000.0,25.71695,0.06999838
28000.0,26.19683,0.06985553
28000.0,26.67415,0.06970886
28000.0,27.19981,0.06953131
28000.0,27.69519,0.06936062
28000.0,28.20512,0.06917258
28000.0,28.69059,0.06900004
28000.0,29.20362,0.06880157
28000.0,29.68367,0.06860336
28000.0,30.18396,0.06839298
28000.0,30.82597,0.06812669
28000.0,31.21606,0.0679403
28000.0,31.71671,0.06771213
28000.0,32.17902,0.06749433
28000.0,32.70134,0.06722517
28000.0,33.19312,0.06695541
28000.0,33.68798,0.06668906
28000.0,34.19464,0.06639154
28000.0,34.70572,0.06610255
28000.0,35.19836,0.06578569
28000.0,35.69418,0.06544043
28000.0,36.19428,0.06506708
28000.0,36.72064,0.06458815
28000.0,37.19479,0.0636674
28000.0,37.68652,0.06135288
28000.0,38.1859,0.05031069
28000.0,38.6823,0.0419697
28000.0,39.19781,0.03898305
28000.0,39.68958,0.03784833
28000.0,40.20515,0.0368253
28000.0,40.68562,0.0359501
28000.0,41.19366,0.0350532
28000.0,41.70029,0.03421627
28000.0,42.2032,0.03334069
28000.0,42.69471,0.03268082
28000.0,43.19286,0.03193808
28000.0,43.70045,0.03125376
28000.0,44.19675,0.03056871
28000.0,44.68231,0.02994089
28000.0,45.20682,0.02929794
28000.0,45.69591,0.02870811
28000.0,46.20444,0.02813178
28000.0,46.68295,0.02759052
28000.0,47.1973,0.02701926
28000.0,47.69585,0.0265184
28000.0,48.21364,0.02599065
28000.0,48.71552,0.02549277
28000.0,49.19145,0.02502279
28000.0,49.69887,0.02455382
28000.0,50.20827,0.02408033
28000.0,50.83902,0.0235344
28000.0,51.21674,0.02320007
28000.0,51.72096,0.02279929
28000.0,52.19079,0.02241977
28000.0,52.68614,0.02219451
28000.0,53.20195,0.02166869
28000.0,53.68856,0.02131027
28000.0,54.1925,0.02097311
28000.0,54.67179,0.02064266
28000.0,55.18791,0.02029378
28000.0,55.70824,0.01997103
28000.0,56.18063,0.01966951
28000.0,56.67939,0.01936648
28000.0,57.1929,0.01906357
28000.0,57.69617,0.01877374
28000.0,58.20971,0.01848896
28000.0,58.68564,0.01823175
28000.0,59.1967,0.01796941
28000.0,59.69469,0.01771359
28000.0,59.99702,0.0175505
26000.0,10.00081,0.07170206
26000.0,10.68197,0.07168804
26000.0,11.15687,0.07167739
26000.0,11.69977,0.07166113
26000.0,12.1741,0.07165288
26000.0,12.69067,0.07163743
26000.0,13.20168,0.07163456
26000.0,13.67148,0.07161792
26000.0,14.18485,0.07159892
26000.0,14.70279,0.07157955
26000.0,15.20942,0.07155753
26000.0,15.69774,0.07152483
26000.0,16.19687,0.07149585
26000.0,16.69612,0.07147007
26000.0,17.19402,0.0714274
26000.0,17.70263,0.07138853
26000.0,18.19357,0.07133823
26000.0,18.68678,0.07123548
26000.0,19.17879,0.0712302
26000.0,19.69762,0.07116588
26000.0,20.20802,0.07109803
26000.0,20.70152,0.07101639
26000.0,21.19236,0.07084144
26000.0,21.6862,0.07083678
26000.0,22.20839,0.07074048
26000.0,22.69427,0.07064354
26000.0,23.17938,0.07054765
26000.0,23.70845,0.07033032
26000.0,24.21386,0.07028314
26000.0,24.69239,0.07015781
26000.0,25.20732,0.0700131
26000.0,25.67865,0.06988376
26000.0,26.20473,0.0697184
26000.0,26.67507,0.0695582
26000.0,27.21151,0.06937477
26000.0,27.69358,0.06920413
26000.0,28.21023,0.06910235
26000.0,28.68273,0.06884242
26000.0,29.21339,0.0686283
26000.0,29.69013,0.0684421
26000.0,30.19687,0.06821983
26000.0,30.82248,0.06793931
26000.0,31.23898,0.06774648
26000.0,31.69118,0.06751713
26000.0,32.18782,0.06727755
26000.0,32.70521,0.06700932
26000.0,33.21392,0.06673617
26000.0,33.70687,0.06644835
26000.0,34.21796,0.06614799
26000.0,34.71866,0.06583299
26000.0,35.19149,0.06551441
26000.0,35.71388,0.06514238
26000.0,36.20196,0.06474347
26000.0,36.6994,0.06418183
26000.0,37.19592,0.06237849
26000.0,37.6916,0.05437418
26000.0,38.21365,0.04234027
26000.0,38.69734,0.03810607
26000.0,39.1859,0.03689308
26000.0,39.71249,0.0358393
26000.0,40.19769,0.03490113
26000.0,40.70078,0.0339998
26000.0,41.1995,0.03318407
26000.0,41.68717,0.03240087
26000.0,42.20655,0.0315803
26000.0,42.69884,0.03088205
26000.0,43.17807,0.03019139
26000.0,43.69699,0.02950047
26000.0,44.20779,0.02884016
26000.0,44.70687,0.02820955
26000.0,45.18549,0.02763084
26000.0,45.68576,0.02704392
26000.0,46.2005,0.02648068
26000.0,46.70377,0.02593927
26000.0,47.20139,0.02542912
26000.0,47.68077,0.02492278
26000.0,48.17796,0.02443844
26000.0,48.71202,0.02383442
26000.0,49.1897,0.02349035
26000.0,49.69719,0.02303044
26000.0,50.1881,0.02262263
26000.0,50.82789,0.02208225
26000.0,51.21678,0.02175178
26000.0,51.69116,0.0214004
26000.0,52.18204,0.02102836
26000.0,52.69317,0.02065639
26000.0,53.20499,0.02028699
26000.0,53.69886,0.01995002
26000.0,54.18311,0.01963031
26000.0,54.6707,0.01931609
26000.0,55.1847,0.01899344
26000.0,55.69618,0.01867755
26000.0,56.19178,0.0183917
26000.0,56.68053,0.01811409
26000.0,57.19759,0.01782345
26000.0,57.6962,0.01755681
26000.0,58.16938,0.01721769
26000.0,58.70614,0.01703681
26000.0,59.21011,0.01678241
26000.0,59.69337,0.01654468
26000.0,59.98953,0.0163982
24000.0,9.999871,0.07163573
24000.0,10.69403,0.07161903
24000.0,11.14597,0.07160549
24000.0,11.69745,0.07159111
24000.0,12.16177,0.0715907
24000.0,12.70259,0.07157759
24000.0,13.20327,0.07156377
24000.0,13.69945,0.07154202
24000.0,14.19151,0.07153079
24000.0,14.68228,0.07151042
24000.0,15.1876,0.07148235
24000.0,15.69344,0.07145332
24000.0,16.17805,0.07134295
24000.0,16.70021,0.07139257
24000.0,17.18534,0.07135732
24000.0,17.68798,0.07131186
24000.0,18.18961,0.07125971
24000.0,18.69014,0.07120425
24000.0,19.19681,0.07114011
24000.0,19.69697,0.07107774
24000.0,20.19714,0.07100666
24000.0,20.70239,0.07092799
24000.0,21.20662,0.07083025
24000.0,21.7,0.0707489
24000.0,22.18868,0.07064375
24000.0,22.69539,0.07053905
24000.0,23.19629,0.07042308
24000.0,23.7022,0.07030292
24000.0,24.20234,0.07017498
24000.0,24.68916,0.07004306
24000.0,25.1839,0.06990476
24000.0,25.69649,0.06975
24000.0,26.19083,0.06959113
24000.0,26.68266,0.06942952
24000.0,27.19974,0.06924707
24000.0,27.71061,0.0690673
24000.0,28.19003,0.06888148
24000.0,28.70181,0.06867967
24000.0,29.20824,0.0684773
24000.0,29.70191,0.06826643
24000.0,30.19456,0.06804815
24000.0,30.79258,0.0677776
24000.0,31.19876,0.06757788
24000.0,31.69765,0.0673277
24000.0,32.2022,0.06715869
24000.0,32.70953,0.06679168
24000.0,33.18681,0.0665227
24000.0,33.68481,0.0662194
24000.0,34.20248,0.06589551
24000.0,34.69559,0.06557143
24000.0,35.20465,0.06522416
24000.0,35.70027,0.06483483
24000.0,36.20676,0.06437518
24000.0,36.69728,0.0632702
24000.0,37.19867,0.05902489
24000.0,37.71105,0.04374367
24000.0,38.2074,0.037264
24000.0,38.70032,0.03583225
24000.0,39.19603,0.03478538
24000.0,39.70287,0.03381111
24000.0,40.19334,0.03294859
24000.0,40.69003,0.03207295
24000.0,41.19893,0.03125159
24000.0,41.69561,0.03049604
24000.0,42.18426,0.02976676
24000.0,42.70371,0.02903258
24000.0,43.19485,0.02836771
24000.0,43.69411,0.02771106
24000.0,44.18885,0.02709217
24000.0,44.71358,0.02645098
24000.0,45.19472,0.02590041
24000.0,45.70511,0.02534071
24000.0,46.21635,0.02478856
24000.0,46.6983,0.02426826
24000.0,47.17677,0.02379353
24000.0,47.68912,0.02330976
24000.0,48.20273,0.02283033
24000.0,48.6635,0.02240345
24000.0,49.1959,0.02192667
24000.0,49.68818,0.02150103
24000.0,50.18908,0.02109303
24000.0,50.83347,0.02059484
24000.0,51.22159,0.02026725
24000.0,51.68539,0.01994562
24000.0,52.18201,0.01957972
24000.0,52.69012,0.0192332
24000.0,53.19588,0.01895661
24000.0,53.68963,0.01857305
24000.0,54.21018,0.01825062
24000.0,54.68352,0.01797632
24000.0,55.18577,0.01766914
24000.0,55.70718,0.01737032
24000.0,56.1896,0.01709308
24000.0,56.68612,0.01683549
24000.0,57.19287,0.01655896
24000.0,57.702,0.01632449
24000.0,58.18834,0.0160626
24000.0,58.69171,0.01582423
24000.0,59.20281,0.01558548
24000.0,59.68725,0.01536241
24000.0,59.99327,0.01522222
22000.0,9.999094,0.07162201
22000.0,10.67583,0.07153174
22000.0,11.17831,0.07152677
22000.0,11.67948,0.07151181
22000.0,12.19267,0.07150618
22000.0,12.70942,0.07148249
22000.0,13.2187,0.07147513
22000.0,13.70702,0.07145923
22000.0,14.1887,0.0714391
22000.0,14.69683,0.07141871
22000.0,15.19347,0.07139641
22000.0,15.70718,0.07136413
22000.0,16.19973,0.0713332
22000.0,16.72638,0.07129546
22000.0,17.17563,0.07125391
22000.0,17.68884,0.07121199
22000.0,18.19395,0.07116237
22000.0,18.70795,0.07095912
22000.0,19.17859,0.07104161
22000.0,19.68644,0.07097163
22000.0,20.20592,0.07090096
22000.0,20.69035,0.0708089
22000.0,21.17866,0.0707262
22000.0,21.69521,0.0706284
22000.0,22.1964,0.07052602
22000.0,22.69711,0.07040373
22000.0,23.20586,0.0703025
22000.0,23.6999,0.07016902
22000.0,24.20118,0.07003413
22000.0,24.70826,0.0698996
22000.0,25.18802,0.06975676
22000.0,25.70486,0.06960099
22000.0,26.20416,0.06944098
22000.0,26.68801,0.06926184
22000.0,27.18637,0.0690831
22000.0,27.70395,0.06889864
22000.0,28.20179,0.06870459
22000.0,28.68971,0.06850125
22000.0,29.1769,0.06830321
22000.0,29.69011,0.06807961
22000.0,30.18359,0.06784915
22000.0,30.79642,0.06758065
22000.0,31.20704,0.06736156
22000.0,31.68045,0.06711916
22000.0,32.17981,0.06685461
22000.0,32.68534,0.06656194
22000.0,33.20425,0.06627481
22000.0,33.72096,0.06596185
22000.0,34.19456,0.06564717
22000.0,34.68985,0.06531608
22000.0,35.2042,0.0649285
22000.0,35.69617,0.06450979
22000.0,36.18193,0.06387143
22000.0,36.69355,0.06120632
22000.0,37.19643,0.04705541
22000.0,37.70712,0.03638539
22000.0,38.18297,0.0347647
22000.0,38.69215,0.03366117
22000.0,39.19666,0.03265189
22000.0,39.69322,0.03171243
22000.0,40.16728,0.03091624
22000.0,40.68754,0.03005794
22000.0,41.19891,0.0292467
22000.0,41.68309,0.02852106
22000.0,42.18089,0.02780798
22000.0,42.71114,0.02709704
22000.0,43.18716,0.0264711
22000.0,43.69194,0.02583991
22000.0,44.21291,0.02520136
22000.0,44.68303,0.02466526
22000.0,45.18938,0.02410754
22000.0,45.71209,0.02354581
22000.0,46.17683,0.02305658
22000.0,46.6934,0.02256143
22000.0,47.20229,0.02206001
22000.0,47.69158,0.02163104
22000.0,48.20771,0.02117225
22000.0,48.69128,0.02074633
22000.0,49.21709,0.02031471
22000.0,49.70518,0.01992428
22000.0,50.18534,0.01953744
22000.0,50.82424,0.01907269
22000.0,51.21665,0.01877047
22000.0,51.69784,0.01844179
22000.0,52.21236,0.01808719
22000.0,52.68115,0.01778633
22000.0,53.18975,0.0174687
22000.0,53.6824,0.01717505
22000.0,54.18835,0.01686683
22000.0,54.69725,0.01657777
22000.0,55.21481,0.01629941
22000.0,55.68859,0.01604345
22000.0,56.17957,0.0157902
22000.0,56.70097,0.01552619
22000.0,57.19413,0.01528121
22000.0,57.71481,0.01504151
22000.0,58.58505,0.01463356
22000.0,58.96857,0.0144661
22000.0,59.33212,0.01430746
22000.0,59.7207,0.01414332
22000.0,59.99452,0.01403542
20000.0,10.04447,0.07145809
20000.0,10.66072,0.07143996
20000.0,11.19732,0.07143421
20000.0,11.66465,0.07142732
20000.0,12.17294,0.07141851
20000.0,12.72478,0.07139862
20000.0,13.19667,0.07139138
20000.0,13.68501,0.07137571
20000.0,14.19915,0.0713644
20000.0,14.70011,0.07134011
20000.0,15.19296,0.07130679
20000.0,15.69317,0.07127891
20000.0,16.17153,0.07124875
20000.0,16.69294,0.07121339
20000.0,17.1996,0.07116706
20000.0,17.69531,0.07112113
20000.0,18.20463,0.07106035
20000.0,18.68903,0.07100479
20000.0,19.21651,0.07093638
20000.0,19.70353,0.07086726
20000.0,20.1832,0.07079377
20000.0,20.71291,0.07069949
20000.0,21.18996,0.07049421
20000.0,21.69884,0.07050996
20000.0,22.17613,0.07069302
20000.0,22.69017,0.07029975
20000.0,23.20163,0.07017009
20000.0,23.68262,0.07005707
20000.0,24.22105,0.06990477
20000.0,24.6923,0.06976748
20000.0,25.19565,0.06961598
20000.0,25.70435,0.06944501
20000.0,26.18356,0.069282
20000.0,26.70329,0.06910174
20000.0,27.20371,0.06891512
20000.0,27.6935,0.06872829
20000.0,28.1867,0.06852277
20000.0,28.68969,0.06831568
20000.0,29.19478,0.06809408
20000.0,29.68822,0.06787898
20000.0,30.21087,0.06763908
20000.0,30.84644,0.06732742
20000.0,31.25278,0.06712931
20000.0,31.71175,0.06687643
20000.0,32.20473,0.06659775
20000.0,32.68738,0.06631675
20000.0,33.19888,0.06601103
20000.0,33.6894,0.06569838
20000.0,34.19092,0.06536556
20000.0,34.68167,0.06500072
20000.0,35.17566,0.0646285
20000.0,35.7024,0.06406393
20000.0,36.1975,0.06237867
20000.0,36.6782,0.05460517
20000.0,37.2078,0.03616684
20000.0,37.67547,0.03353244
20000.0,38.1938,0.03236708
20000.0,38.68987,0.03135296
20000.0,39.18415,0.03045664
20000.0,40.09227,0.0288646
20000.0,40.48914,0.02823127
20000.0,40.88453,0.02762821
20000.0,41.26469,0.02705152
20000.0,41.6832,0.02646461
20000.0,42.19509,0.02577755
20000.0,42.69954,0.02512038
20000.0,43.19213,0.02450042
20000.0,43.69623,0.02391391
20000.0,44.19818,0.02331112
20000.0,44.69498,0.0228728
20000.0,45.19776,0.02224724
20000.0,45.68966,0.02174464
20000.0,46.18395,0.02125422
20000.0,46.70463,0.0207737
20000.0,47.18584,0.0203387
20000.0,47.68073,0.01991016
20000.0,48.17539,0.01948614
20000.0,48.68261,0.01909631
20000.0,49.19858,0.01868069
20000.0,49.68993,0.01830002
20000.0,50.18081,0.01794511
20000.0,50.83815,0.01749276
20000.0,51.22998,0.01721044
20000.0,51.69497,0.01691639
20000.0,52.1938,0.01661183
20000.0,52.69317,0.0161681
20000.0,53.20295,0.01600555
20000.0,53.70497,0.01572265
20000.0,54.20295,0.01544941
20000.0,54.69201,0.01518075
20000.0,55.58066,0.01471205
20000.0,55.96296,0.01454307
20000.0,56.36102,0.01435558
20000.0,56.75394,0.01417182
20000.0,57.19517,0.0139808
20000.0,57.68686,0.01377347
20000.0,58.19192,0.01355711
20000.0,58.69527,0.01334397
20000.0,59.17963,0.01315276
20000.0,59.68228,0.01295201
20000.0,59.99826,0.01282936
18000.0,9.992172,0.07134604
18000.0,10.68233,0.07133708
18000.0,11.17611,0.07133016
18000.0,11.66864,0.07131246
18000.0,12.18281,0.07131211
18000.0,12.70836,0.07128481
18000.0,13.19217,0.07127541
18000.0,13.72344,0.07125506
18000.0,14.20036,0.07124268
18000.0,14.72882,0.07121956
18000.0,15.20819,0.07119103
18000.0,15.69535,0.07115442
18000.0,16.18567,0.07112475
18000.0,16.6818,0.07108744
18000.0,17.16805,0.07104798
18000.0,17.68332,0.07099278
18000.0,18.19126,0.07093699
18000.0,18.70703,0.07088081
18000.0,19.20145,0.07080977
18000.0,19.69358,0.07073771
18000.0,20.19473,0.07065134
18000.0,20.68501,0.07073499
18000.0,21.2051,0.07046952
18000.0,21.69844,0.07037214
18000.0,22.1953,0.07027084
18000.0,22.6937,0.07014291
18000.0,23.20269,0.07000925
18000.0,23.71614,0.06988862
18000.0,24.20862,0.06973842
18000.0,24.69564,0.06959023
18000.0,25.19414,0.0694335
18000.0,25.7128,0.06927169
18000.0,26.20185,0.06910071
18000.0,26.70098,0.06890991
18000.0,27.1825,0.06873031
18000.0,27.68546,0.06853306
18000.0,28.2067,0.06832824
18000.0,28.69065,0.06811346
18000.0,29.20548,0.06787911
18000.0,29.6974,0.06765731
18000.0,30.21014,0.06752336
18000.0,30.86778,0.0670769
18000.0,31.25401,0.06678514
18000.0,31.69814,0.06662626
18000.0,32.21254,0.06633928
18000.0,32.69437,0.06604921
18000.0,33.22426,0.0657144
18000.0,33.67617,0.06541736
18000.0,34.21282,0.06503339
18000.0,34.68832,0.06465308
18000.0,35.2051,0.06418933
18000.0,35.68318,0.06329733
18000.0,36.19328,0.05780545
18000.0,36.6888,0.03728857
18000.0,37.19371,0.0321237
18000.0,37.68597,0.03094468
18000.0,38.18702,0.02992378
18000.0,39.07745,0.02827642
18000.0,39.4798,0.02758196
18000.0,39.8959,0.02691347
18000.0,40.29674,0.02627331
18000.0,40.71733,0.02566922
18000.0,41.18787,0.02500434
18000.0,41.72214,0.0242884
18000.0,42.20058,0.02364425
18000.0,42.70227,0.0230449
18000.0,43.19839,0.02244824
18000.0,43.69262,0.02188423
18000.0,44.19759,0.02132192
18000.0,44.70317,0.02081443
18000.0,45.20454,0.02031165
18000.0,45.70049,0.01984369
18000.0,46.1966,0.01938937
18000.0,46.70062,0.01895194
18000.0,47.20799,0.01853174
18000.0,47.68324,0.01814236
18000.0,48.18901,0.01775426
18000.0,48.70514,0.01736496
18000.0,49.18353,0.01701359
18000.0,49.69085,0.0166483
18000.0,50.18721,0.01630872
18000.0,50.83347,0.01590534
18000.0,51.20536,0.01564545
18000.0,51.68822,0.01536229
18000.0,52.1938,0.0150766
18000.0,53.08926,0.01457056
18000.0,53.47625,0.01437452
18000.0,53.85081,0.01417698
18000.0,54.22792,0.01398812
18000.0,54.71752,0.01375821
18000.0,55.19759,0.01353623
18000.0,55.6973,0.01331035
18000.0,56.20962,0.01308581
18000.0,56.67826,0.01288032
18000.0,57.20095,0.01266473
18000.0,57.69154,0.01246899
18000.0,58.19308,0.0122712
18000.0,58.6917,0.01214896
18000.0,59.19907,0.01190102
18000.0,59.68721,0.0117245
18000.0,60.02571,0.01161297
16000.0,10.04259,0.07120586
16000.0,10.67876,0.07119151
16000.0,11.18132,0.07119064
16000.0,11.6574,0.07117563
16000.0,12.1638,0.07117365
16000.0,12.70314,0.07115383
16000.0,13.19356,0.07113939
16000.0,13.69347,0.07111803
16000.0,14.19475,0.07110464
16000.0,14.68918,0.07107618
16000.0,15.2135,0.07104655
16000.0,15.70758,0.0710173
16000.0,16.20635,0.0709757
16000.0,16.69921,0.0709458
16000.0,17.17498,0.07090007
16000.0,17.68995,0.07085012
16000.0,18.1759,0.07079312
16000.0,18.70634,0.07073077
16000.0,19.18623,0.0706577
16000.0,19.70744,0.07058071
16000.0,20.16777,0.0705006
16000.0,20.69503,0.07040558
16000.0,21.17516,0.07031022
16000.0,21.70684,0.07108854
16000.0,22.21276,0.07008249
16000.0,22.70267,0.06996478
16000.0,23.20307,0.06984165
16000.0,23.71655,0.06969669
16000.0,24.21764,0.06954618
16000.0,24.68982,0.06940482
16000.0,25.19844,0.06924786
16000.0,25.71274,0.06906668
16000.0,26.18356,0.06889959
16000.0,26.69181,0.06871815
16000.0,27.18724,0.06852121
16000.0,27.67728,0.06832895
16000.0,28.18991,0.06810191
16000.0,28.6846,0.06788985
16000.0,29.21164,0.06765148
16000.0,29.69111,0.0674149
16000.0,30.19494,0.06715547
16000.0,30.85246,0.06682996
16000.0,31.23252,0.06688948
16000.0,31.70836,0.06634244
16000.0,32.20351,0.06605058
16000.0,32.71039,0.06573639
16000.0,33.21628,0.06540777
16000.0,33.68442,0.06508972
16000.0,34.20257,0.06468186
16000.0,34.68499,0.0642816
16000.0,35.19444,0.06359556
16000.0,35.68874,0.06046337
16000.0,36.19944,0.04034157
16000.0,36.69358,0.03061901
16000.0,37.55,0.02865915
16000.0,37.9304,0.02787641
16000.0,38.34531,0.0271219
16000.0,38.74778,0.02640961
16000.0,39.17992,0.0257014
16000.0,39.71618,0.02484192
16000.0,40.19833,0.02413033
16000.0,40.6996,0.02342416
16000.0,41.21369,0.02268682
16000.0,41.7097,0.0220783
16000.0,42.20789,0.02146205
16000.0,42.69531,0.02089475
16000.0,43.18991,0.02033635
16000.0,43.68478,0.01982835
16000.0,44.19762,0.01928926
16000.0,44.6838,0.0188226
16000.0,45.19701,0.0183462
16000.0,45.69425,0.01789766
16000.0,46.20282,0.01748085
16000.0,46.68051,0.01708499
16000.0,47.19572,0.01668697
16000.0,47.70007,0.01630883
16000.0,48.19078,0.01596031
16000.0,48.67127,0.01563193
16000.0,49.18707,0.01528137
16000.0,50.08092,0.01470172
16000.0,50.46808,0.01447069
16000.0,50.83347,0.01424562
16000.0,51.2224,0.01402247
16000.0,51.85259,0.01369189
16000.0,52.2445,0.01348856
16000.0,52.71498,0.01323823
16000.0,53.205,0.0129321
16000.0,53.69165,0.01277732
16000.0,54.18204,0.01254653
16000.0,54.70467,0.01232914
16000.0,55.20196,0.01211694
16000.0,55.70169,0.01190637
16000.0,56.21068,0.01170318
16000.0,56.70764,0.01151221
16000.0,57.19415,0.01133342
16000.0,57.69382,0.01116394
16000.0,58.19659,0.01097448
16000.0,58.67964,0.0108132
16000.0,59.1967,0.01063416
16000.0,59.69835,0.01047186
16000.0,59.99452,0.01037735
14000.0,9.998463,0.07101697
14000.0,10.67687,0.07100528
14000.0,11.19668,0.07099691
14000.0,11.6771,0.07099013
14000.0,12.18664,0.07097197
14000.0,12.70498,0.07095919
14000.0,13.19313,0.07094631
14000.0,13.69652,0.07092796
14000.0,14.19074,0.07096672
14000.0,14.70188,0.07088248
14000.0,15.19537,0.07085506
14000.0,15.70872,0.07082337
14000.0,16.20189,0.07079499
14000.0,16.69775,0.07073911
14000.0,17.19209,0.07069768
14000.0,17.70584,0.07064179
14000.0,18.19337,0.06998607
14000.0,18.68881,0.07052068
14000.0,19.17862,0.07044547
14000.0,19.69473,0.07037492
14000.0,20.20766,0.0702782
14000.0,20.69505,0.07018442
14000.0,21.19499,0.07017568
14000.0,21.70095,0.0699806
14000.0,22.20596,0.06986485
14000.0,22.71935,0.06973229
14000.0,23.18487,0.06960975
14000.0,23.69303,0.06947438
14000.0,24.20039,0.06931583
14000.0,24.68711,0.06916289
14000.0,25.19845,0.06899415
14000.0,25.69216,0.06882504
14000.0,26.19318,0.0686397
14000.0,26.70405,0.06844527
14000.0,27.1904,0.06825841
14000.0,27.70004,0.06829748
14000.0,28.20352,0.06782231
14000.0,28.68284,0.06759675
14000.0,29.19564,0.06736105
14000.0,29.69376,0.06711185
14000.0,30.19418,0.06686167
14000.0,30.82022,0.06653212
14000.0,31.21481,0.06630418
14000.0,31.68993,0.06603409
14000.0,32.18456,0.06572662
14000.0,32.70314,0.06539565
14000.0,33.18377,0.06506787
14000.0,33.68941,0.06469038
14000.0,34.20597,0.06427503
14000.0,34.69415,0.06374882
14000.0,35.20927,0.06195704
14000.0,35.69822,0.04619735
14000.0,36.58797,0.02788785
14000.0,37.00425,0.02698741
14000.0,37.40894,0.02616842
14000.0,37.81454,0.02543091
14000.0,38.22172,0.02470216
14000.0,38.69388,0.0239012
14000.0,39.19072,0.02312787
14000.0,39.68832,0.02239739
14000.0,40.19955,0.02166372
14000.0,40.70409,0.02099618
14000.0,41.21565,0.02034721
14000.0,41.70161,0.01977143
14000.0,42.20119,0.01919507
14000.0,42.71536,0.01863359
14000.0,43.20126,0.01812523
14000.0,43.69554,0.01764463
14000.0,44.18224,0.01719197
14000.0,44.70313,0.01672224
14000.0,45.21298,0.01630228
14000.0,45.70283,0.01589052
14000.0,46.18076,0.0155241
14000.0,46.6862,0.01514604
14000.0,47.58362,0.01451874
14000.0,47.99582,0.01425235
14000.0,48.40123,0.01401251
14000.0,48.80301,0.01374461
14000.0,49.19853,0.0134913
14000.0,49.68992,0.01321755
14000.0,50.18446,0.01293705
14000.0,50.80748,0.01261427
14000.0,51.2027,0.0123988
14000.0,51.69407,0.01216198
14000.0,52.18991,0.01192871
14000.0,52.70598,0.01169643
14000.0,53.17159,0.01149441
14000.0,53.67624,0.01128011
14000.0,54.19456,0.01107109
14000.0,54.71531,0.01086403
14000.0,55.18899,0.01068345
14000.0,55.6787,0.0105023
14000.0,56.19953,0.01031748
14000.0,56.6862,0.01015154
14000.0,57.21239,0.009978417
14000.0,57.67867,0.009722056
14000.0,58.18832,0.009666405
14000.0,58.71567,0.00950813
14000.0,59.17474,0.009368554
14000.0,59.70206,0.009218935
14000.0,59.99452,0.009136698
12000.0,10.05275,0.07073927
12000.0,10.67293,0.07073236
12000.0,11.19687,0.0707213
12000.0,11.67529,0.07071187
12000.0,12.17537,0.07070027
12000.0,12.67843,0.07068658
12000.0,13.20447,0.07067196
12000.0,13.72466,0.07065413
12000.0,14.17263,0.07063635
12000.0,14.70333,0.07061228
12000.0,15.20732,0.07057075
12000.0,15.7023,0.07055392
12000.0,16.18209,0.0705153
12000.0,16.6868,0.07045995
12000.0,17.19213,0.07041103
12000.0,17.69962,0.07035999
12000.0,18.21333,0.07029746
12000.0,18.69944,0.07022623
12000.0,19.21273,0.07015387
12000.0,19.67886,0.0700766
12000.0,20.19744,0.06998766
12000.0,20.70399,0.06988301
12000.0,21.24265,0.06977467
12000.0,21.68299,0.06968013
12000.0,22.2003,0.06955932
12000.0,22.68625,0.06943071
12000.0,23.20609,0.06928156
12000.0,23.6764,0.06915599
12000.0,24.20543,0.06899827
12000.0,24.69099,0.06884712
12000.0,25.18246,0.06867777
12000.0,25.69008,0.06850138
12000.0,26.19755,0.06831041
12000.0,26.68959,0.06811159
12000.0,27.2006,0.06790509
12000.0,27.70157,0.06769557
12000.0,28.20415,0.06747695
12000.0,28.69498,0.06724319
12000.0,29.18932,0.06700975
12000.0,29.67355,0.06676836
12000.0,30.18476,0.06649702
12000.0,30.8271,0.06637766
12000.0,31.21551,0.06592669
12000.0,31.68496,0.06563929
12000.0,32.20231,0.06531437
12000.0,32.72253,0.06497483
12000.0,33.19041,0.06463477
12000.0,33.69847,0.06423202
12000.0,34.19038,0.06376426
12000.0,34.67304,0.06283844
12000.0,35.17119,0.05410738
12000.0,36.07134,0.02601482
12000.0,36.48402,0.02503964
12000.0,36.87838,0.02430489
12000.0,37.25518,0.02360377
12000.0,37.72317,0.02276705
12000.0,38.18758,0.02198706
12000.0,38.66891,0.02124819
12000.0,39.2013,0.02045615
12000.0,39.69078,0.01978977
12000.0,40.19336,0.01913913
12000.0,40.70644,0.01849507
12000.0,41.21774,0.01788853
12000.0,41.69978,0.01735763
12000.0,42.17014,0.01685857
12000.0,42.68509,0.01634677
12000.0,43.18435,0.01586568
12000.0,43.70634,0.01541194
12000.0,44.19244,0.01498466
12000.0,45.10844,0.01425796
12000.0,45.52116,0.01396412
12000.0,45.9209,0.01368074
12000.0,46.3135,0.01339546
12000.0,46.71751,0.01313981
12000.0,47.20227,0.01284281
12000.0,47.70156,0.01254085
12000.0,48.18135,0.01226512
12000.0,48.68608,0.01198361
12000.0,49.20383,0.01170163
12000.0,49.68542,0.01144862
12000.0,50.17901,0.01120536
12000.0,50.82602,0.01090388
12000.0,51.22238,0.01072303
12000.0,51.70553,0.01051945
12000.0,52.17516,0.01032268
12000.0,52.68916,0.01011575
12000.0,53.18577,0.009926612
12000.0,53.68652,0.009740558
12000.0,54.19558,0.00956246
12000.0,54.70361,0.00938385
12000.0,55.19112,0.009218349
12000.0,55.68531,0.009059025
12000.0,56.19071,0.008904297
12000.0,56.68616,0.008761615
12000.0,57.18495,0.008610542
12000.0,57.68335,0.008474626
12000.0,58.20498,0.008330867
12000.0,58.6929,0.008207426
12000.0,59.19548,0.008075146
12000.0,59.68597,0.007956426
12000.0,59.99826,0.008040987
10000.0,9.998149,0.07034302
10000.0,10.69791,0.07033039
10000.0,11.16993,0.07032527
10000.0,11.6782,0.0703114
10000.0,12.18602,0.07030658
10000.0,12.70701,0.07028587
10000.0,13.18941,0.0702696
10000.0,13.69855,0.07025635
10000.0,14.18404,0.07022177
10000.0,14.70994,0.07021298
10000.0,15.18285,0.07017659
10000.0,15.69005,0.07014392
10000.0,16.18398,0.07010573
10000.0,16.6996,0.07005641
10000.0,17.1936,0.07001331
10000.0,17.68963,0.06995392
10000.0,18.20125,0.06948292
10000.0,18.69105,0.0698211
10000.0,19.19803,0.06974203
10000.0,19.69648,0.06966642
10000.0,20.18401,0.06957524
10000.0,20.70763,0.06942773
10000.0,21.18425,0.06937682
10000.0,21.70407,0.06925358
10000.0,22.21307,0.06912743
10000.0,22.69369,0.06900332
10000.0,23.17707,0.06885871
10000.0,23.70401,0.06871205
10000.0,24.20292,0.06855734
10000.0,24.68042,0.06840102
10000.0,25.19355,0.06822632
10000.0,25.69568,0.06803776
10000.0,26.20922,0.06784879
10000.0,26.71993,0.06765792
10000.0,27.18801,0.0670675
10000.0,27.67238,0.0672501
10000.0,28.17572,0.06702362
10000.0,28.68286,0.06677221
10000.0,29.18575,0.06652446
10000.0,29.71772,0.06625745
10000.0,30.17797,0.06601128
10000.0,30.79335,0.06567293
10000.0,31.20393,0.06543137
10000.0,31.69482,0.06511857
10000.0,32.20898,0.06478456
10000.0,32.68968,0.06445017
10000.0,33.20115,0.06406506
10000.0,33.71716,0.06360748
10000.0,34.20342,0.06285802
10000.0,34.68317,0.05700763
10000.0,35.57863,0.02381822
10000.0,35.97435,0.02295896
10000.0,36.35484,0.02215696
10000.0,36.75167,0.0214323
10000.0,37.184,0.02068564
10000.0,37.67101,0.01987693
10000.0,38.19783,0.01905952
10000.0,38.68465,0.01835502
10000.0,39.19411,0.01765927
10000.0,39.67435,0.01705427
10000.0,40.20086,0.01643579
10000.0,40.68499,0.01588998
10000.0,41.20405,0.01532335
10000.0,42.09184,0.01444236
10000.0,42.50893,0.01408439
10000.0,42.89843,0.01374307
10000.0,43.28258,0.01342238
10000.0,43.68333,0.01311452
10000.0,44.1888,0.01272498
10000.0,44.69204,0.01237536
10000.0,45.20155,0.01203403
10000.0,45.71131,0.01171364
10000.0,46.2037,0.01140811
10000.0,46.6909,0.01112442
10000.0,47.21035,0.01084432
10000.0,47.69668,0.01064431
10000.0,48.20274,0.01034246
10000.0,48.70074,0.01009832
10000.0,49.19145,0.009880369
10000.0,49.68907,0.009648153
10000.0,50.1927,0.009437841
10000.0,50.81016,0.009273656
10000.0,51.20639,0.009034209
10000.0,51.70457,0.008855272
10000.0,52.18204,0.00868035
10000.0,52.68914,0.008506417
10000.0,53.19588,0.008342912
10000.0,53.70193,0.00818086
10000.0,54.20298,0.008030517
10000.0,54.71954,0.007880762
10000.0,55.20516,0.007743926
10000.0,55.68309,0.007614341
10000.0,56.56362,0.007379713
10000.0,56.9511,0.007282328
10000.0,57.35023,0.007265378
10000.0,57.72984,0.007040933
10000.0,58.2049,0.006994497
10000.0,58.70492,0.006886784
10000.0,59.22112,0.006772603
10000.0,59.68228,0.006676034
10000.0,59.99327,0.006613284
8000.0,9.998936,0.06979463
8000.0,10.67191,0.06978612
8000.0,11.18218,0.06977207
8000.0,11.6784,0.0697694
8000.0,12.17456,0.06976219
8000.0,12.70728,0.06974297
8000.0,13.19696,0.06972588
8000.0,13.69357,0.06970238
8000.0,14.20845,0.06968445
8000.0,14.68836,0.06965037
8000.0,15.17267,0.06962406
8000.0,15.69666,0.06958195
8000.0,16.19036,0.06954796
8000.0,16.68232,0.06950253
8000.0,17.19913,0.06945065
8000.0,17.71399,0.06938606
8000.0,18.20525,0.06929934
8000.0,18.68927,0.06925959
8000.0,19.20271,0.06917691
8000.0,19.69803,0.06909142
8000.0,20.20475,0.06899659
8000.0,20.69134,0.06890027
8000.0,21.19799,0.06878947
8000.0,21.71204,0.06866946
8000.0,22.2051,0.06854039
8000.0,22.6834,0.06840555
8000.0,23.21333,0.06826436
8000.0,23.69978,0.06811752
8000.0,24.17857,0.06796865
8000.0,24.68517,0.0677938
8000.0,25.20782,0.06761661
8000.0,25.70797,0.06742916
8000.0,26.19234,0.0671572
8000.0,26.70765,0.06702654
8000.0,27.20586,0.06681099
8000.0,27.71142,0.06667706
8000.0,28.18999,0.06636084
8000.0,28.68629,0.06613412
8000.0,29.21711,0.06586962
8000.0,29.69291,0.06561779
8000.0,30.19162,0.06533869
8000.0,30.8338,0.06497554
8000.0,31.22731,0.06472956
8000.0,31.68906,0.06443545
8000.0,32.20869,0.06408411
8000.0,32.70747,0.06371169
8000.0,33.19403,0.0633104
8000.0,33.69208,0.06271542
8000.0,34.1852,0.05958136
8000.0,35.09729,0.02132281
8000.0,35.49242,0.0204217
8000.0,35.88052,0.01963707
8000.0,36.29408,0.01888942
8000.0,36.70053,0.0181882
8000.0,37.18227,0.01741227
8000.0,37.70436,0.01664629
8000.0,38.19205,0.01597782
8000.0,38.69163,0.01534548
8000.0,39.59801,0.01423771
8000.0,40.02608,0.01377751
8000.0,40.4223,0.01336666
8000.0,40.80904,0.01299067
8000.0,41.20398,0.01263516
8000.0,41.68841,0.01220556
8000.0,42.19579,0.0118054
8000.0,42.68846,0.01141048
8000.0,43.19211,0.01105033
8000.0,43.68974,0.01071701
8000.0,44.20483,0.01038744
8000.0,44.67782,0.0101009
8000.0,45.19094,0.009808513
8000.0,45.69663,0.009539734
8000.0,46.19498,0.009282093
8000.0,46.70224,0.00903674
8000.0,47.19892,0.008807277
8000.0,47.69831,0.008595596
8000.0,48.19246,0.008551481
8000.0,48.68607,0.008187789
8000.0,49.20995,0.007987094
8000.0,49.70162,0.007807815
8000.0,50.19363,0.007634947
8000.0,51.20347,0.007306519
8000.0,51.60599,0.00718314
8000.0,52.01213,0.007060416
8000.0,52.40707,0.00695334
8000.0,52.78831,0.006846557
8000.0,53.18371,0.006739138
8000.0,53.68238,0.006614581
8000.0,54.2081,0.006487373
8000.0,54.6941,0.00636771
8000.0,55.20298,0.00625265
8000.0,55.67543,0.006147616
8000.0,56.18621,0.006040073
8000.0,56.67036,0.005940078
8000.0,57.1998,0.005836235
8000.0,57.68447,0.005743625
8000.0,58.17413,0.005650236
8000.0,58.70855,0.005555294
8000.0,59.21254,0.005467276
8000.0,59.6897,0.005386095
8000.0,59.9995,0.005334793
6000.0,10.00236,0.06900065
6000.0,10.68789,0.06898779
6000.0,11.1833,0.06898106
6000.0,11.6907,0.06897015
6000.0,12.16162,0.06896184
6000.0,12.6986,0.06894474
6000.0,13.20563,0.06892374
6000.0,13.682,0.06890372
6000.0,14.20811,0.06888732
6000.0,14.69602,0.06885968
6000.0,15.18835,0.06882096
6000.0,15.67457,0.06879508
6000.0,16.19765,0.06874366
6000.0,16.69799,0.06869157
6000.0,17.18328,0.0686438
6000.0,17.69879,0.06858308
6000.0,18.18047,0.06851947
6000.0,18.70289,0.06844115
6000.0,19.1867,0.06836642
6000.0,19.70973,0.06827038
6000.0,20.21741,0.06816981
6000.0,20.68795,0.06807681
6000.0,21.20902,0.06795605
6000.0,21.682,0.06785028
6000.0,22.18711,0.06763051
6000.0,22.68898,0.0675733
6000.0,23.19617,0.06742442
6000.0,23.70415,0.06727499
6000.0,24.19598,0.06711078
6000.0,24.70642,0.06693156
6000.0,25.2154,0.06675228
6000.0,25.69707,0.06656379
6000.0,26.21432,0.06635971
6000.0,26.70022,0.06614758
6000.0,27.20688,0.06593896
6000.0,27.69912,0.06571117
6000.0,28.22021,0.06547045
6000.0,28.68369,0.06522987
6000.0,29.19214,0.06497516
6000.0,29.69468,0.06469166
6000.0,30.21239,0.06440135
6000.0,30.84583,0.06403586
6000.0,31.23123,0.06378544
6000.0,31.69651,0.06347966
6000.0,32.19855,0.06311983
6000.0,32.69263,0.06272222
6000.0,33.19577,0.06221126
6000.0,33.72271,0.05971838
6000.0,34.22796,0.02680754
6000.0,35.09525,0.01737559
6000.0,35.49113,0.01659438
6000.0,35.87881,0.01590347
6000.0,36.2758,0.01523948
6000.0,36.70524,0.01462861
6000.0,37.22081,0.01388543
6000.0,37.69217,0.01327175
6000.0,38.18357,0.01266307
6000.0,38.69503,0.01209826
6000.0,39.20779,0.01156308
6000.0,39.70649,0.01107305
6000.0,40.19956,0.01062745
6000.0,40.68563,0.01021075
6000.0,41.20584,0.00980815
6000.0,41.6818,0.009467091
6000.0,42.19579,0.009119688
6000.0,42.68645,0.008807354
6000.0,43.21527,0.008492556
6000.0,43.70263,0.008224806
6000.0,44.18878,0.007973585
6000.0,44.69723,0.007734515
6000.0,45.18933,0.007502513
6000.0,46.04981,0.007139198
6000.0,46.45695,0.006984266
6000.0,46.84798,0.006840691
6000.0,47.23582,0.006696405
6000.0,47.67576,0.006555493
6000.0,48.19501,0.006386098
6000.0,48.69732,0.006228775
6000.0,49.19767,0.006088158
6000.0,49.68814,0.00592143
6000.0,50.17898,0.005810521
6000.0,50.83813,0.005641606
6000.0,51.22229,0.005547039
6000.0,51.68732,0.005437737
6000.0,52.20454,0.005318854
6000.0,52.69913,0.00521648
6000.0,53.20198,0.005118528
6000.0,53.68859,0.005020932
6000.0,54.18411,0.004930709
6000.0,54.69513,0.004837299
6000.0,55.20412,0.004745862
6000.0,55.68202,0.004665169
6000.0,56.18957,0.004581477
6000.0,56.69072,0.004501891
6000.0,57.1918,0.00442967
6000.0,57.68568,0.004354627
6000.0,58.20248,0.004283646
6000.0,58.70364,0.004216943
6000.0,59.19907,0.004152706
6000.0,59.69833,0.004087549
6000.0,59.99452,0.004048705
4000.0,10.00066,0.06770881
4000.0,10.69663,0.06769255
4000.0,11.19113,0.06768417
4000.0,11.66822,0.0676796
4000.0,12.20248,0.06767011
4000.0,12.68981,0.06765196
4000.0,13.21224,0.06763206
4000.0,13.70679,0.06761459
4000.0,14.19339,0.06758957
4000.0,14.71686,0.06756154
4000.0,15.19357,0.06753207
4000.0,15.68644,0.06748619
4000.0,16.20623,0.06744485
4000.0,16.69696,0.06739475
4000.0,17.18962,0.06734374
4000.0,17.69612,0.06727674
4000.0,18.19309,0.06720506
4000.0,18.68649,0.0671365
4000.0,19.20889,0.06704765
4000.0,19.69397,0.06695857
4000.0,20.18813,0.0668598
4000.0,20.68344,0.06675497
4000.0,21.19047,0.06663504
4000.0,21.69726,0.06650737
4000.0,22.2327,0.06636733
4000.0,22.68217,0.06624008
4000.0,23.16759,0.06609141
4000.0,23.69558,0.06592605
4000.0,24.20492,0.06575775
4000.0,24.68378,0.06559266
4000.0,25.19757,0.06540066
4000.0,25.68916,0.0652136
4000.0,26.21751,0.06500304
4000.0,26.70853,0.06478988
4000.0,27.20436,0.06456631
4000.0,27.68455,0.06434435
4000.0,28.19413,0.0640972
4000.0,28.70705,0.06383599
4000.0,29.17603,0.06358961
4000.0,29.72377,0.06327675
4000.0,30.19989,0.06300711
4000.0,30.83345,0.06262249
4000.0,31.24899,0.06234676
4000.0,31.68085,0.06204902
4000.0,32.19804,0.06160061
4000.0,32.69913,0.06116515
4000.0,33.18998,0.05997639
4000.0,33.6693,0.03536748
4000.0,34.58475,0.0139564
4000.0,34.99318,0.01317825
4000.0,35.39565,0.01251959
4000.0,35.75851,0.01197179
4000.0,36.20927,0.01132397
4000.0,36.6894,0.0107031
4000.0,37.19862,0.01009605
4000.0,37.71652,0.00952343
4000.0,38.19732,0.009058397
4000.0,38.69513,0.00860786
4000.0,39.21849,0.008160776
4000.0,39.68464,0.007804049
4000.0,40.19579,0.00744611
4000.0,41.11338,0.006866523
4000.0,41.52457,0.006637924
4000.0,41.91448,0.006440486
4000.0,42.31373,0.006242911
4000.0,42.70299,0.006060186
4000.0,43.19076,0.0058511
4000.0,43.72417,0.005645694
4000.0,44.18366,0.005468585
4000.0,44.70313,0.005288841
4000.0,45.18926,0.005132714
4000.0,45.70123,0.004981146
4000.0,46.19179,0.004837327
4000.0,46.69983,0.004704276
4000.0,47.19647,0.004575646
4000.0,47.68246,0.004460698
4000.0,48.19247,0.004348021
4000.0,48.69556,0.004240273
4000.0,49.18972,0.004135337
4000.0,49.68097,0.004039116
4000.0,50.19811,0.003944932
4000.0,50.8391,0.0038333
4000.0,51.23185,0.003765604
4000.0,51.69592,0.003693924
4000.0,52.20165,0.003616372
4000.0,52.69508,0.003543842
4000.0,53.16854,0.003477708
4000.0,53.7009,0.003407993
4000.0,54.19249,0.003345689
4000.0,54.70887,0.003282501
4000.0,55.19652,0.003296177
4000.0,55.69955,0.003201053
4000.0,56.20956,0.003110612
4000.0,56.69751,0.003061852
4000.0,57.21017,0.00300525
4000.0,58.0776,0.002919191
4000.0,58.46706,0.002884219
4000.0,58.86237,0.002850767
4000.0,59.25278,0.00281187
4000.0,59.68598,0.002776388
4000.0,59.99078,0.002750678
2000.0,9.995476,0.06497744
2000.0,10.67529,0.06496473
2000.0,11.18905,0.064959
2000.0,11.67413,0.06495776
2000.0,12.1733,0.06494675
2000.0,12.70779,0.06492762
2000.0,13.22128,0.06491023
2000.0,13.70742,0.06489062
2000.0,14.19484,0.06486815
2000.0,14.71302,0.06484061
2000.0,15.18473,0.06484438
2000.0,15.68355,0.06476153
2000.0,16.21132,0.06472516
2000.0,16.7094,0.06466287
2000.0,17.1996,0.06461087
2000.0,17.71941,0.06454156
2000.0,18.20789,0.06447133
2000.0,18.69213,0.06440242
2000.0,19.20545,0.06431828
2000.0,19.69024,0.06422386
2000.0,20.20119,0.06411505
2000.0,20.70248,0.06401047
2000.0,21.21487,0.06389465
2000.0,21.69674,0.06376803
2000.0,22.18276,0.06363403
2000.0,22.70461,0.06348521
2000.0,23.19267,0.06334212
2000.0,23.69908,0.06317623
2000.0,24.18448,0.06300604
2000.0,24.70048,0.06285251
2000.0,25.19897,0.06264135
2000.0,25.69999,0.06243637
2000.0,26.18576,0.06223455
2000.0,26.69699,0.06201539
2000.0,27.18882,0.06179366
2000.0,27.6846,0.06156088
2000.0,28.2202,0.06130224
2000.0,28.69846,0.0610424
2000.0,29.20533,0.06077606
2000.0,29.71066,0.06047375
2000.0,30.21008,0.06017977
2000.0,30.82569,0.05978408
2000.0,31.21595,0.05951475
2000.0,31.6874,0.05916981
2000.0,32.19218,0.0587282
2000.0,32.69484,0.05792274
2000.0,33.18554,0.03791445
2000.0,34.1012,0.009469719
2000.0,34.50311,0.008763489
2000.0,34.90643,0.008166956
2000.0,35.29214,0.007641241
2000.0,36.05933,0.006760047
2000.0,36.41933,0.006396556
2000.0,36.81841,0.006029187
2000.0,37.22881,0.005695243
2000.0,37.67658,0.00536682
2000.0,38.19612,0.00501775
2000.0,38.69746,0.004712046
2000.0,39.18773,0.00445517
2000.0,39.68585,0.004217762
2000.0,40.20322,0.00399915
2000.0,40.71527,0.003797148
2000.0,41.19882,0.00362649
2000.0,41.70963,0.00346886
2000.0,42.189,0.003324121
2000.0,42.67816,0.003188132
2000.0,43.211,0.003069933
2000.0,43.69897,0.002959047
2000.0,44.57333,0.002786747
2000.0,44.93378,0.002720082
2000.0,45.29632,0.002657267
2000.0,45.69587,0.002595939
2000.0,46.19973,0.002521385
2000.0,46.71265,0.002447596
2000.0,47.19154,0.002382954
2000.0,47.705,0.002284636
2000.0,48.19328,0.002261461
2000.0,48.70856,0.002205941
2000.0,49.20725,0.002152298
2000.0,49.69351,0.002103412
2000.0,50.19993,0.002053803
2000.0,50.8353,0.001997454
2000.0,51.23281,0.001962043
2000.0,51.69302,0.001925137
2000.0,52.18403,0.001886433
2000.0,52.69214,0.00184867
2000.0,53.19186,0.00181315
2000.0,53.69366,0.00177902
2000.0,54.20716,0.001744712
2000.0,54.7047,0.001713589
2000.0,55.1955,0.001684742
2000.0,55.68311,0.00165474
2000.0,56.17064,0.00162904
2000.0,56.68279,0.001600681
2000.0,57.18147,0.001574566
2000.0,57.70079,0.001550125
2000.0,58.19305,0.001524432
2000.0,59.06181,0.001482951
2000.0,59.45209,0.001466659
2000.0,59.8458,0.001449996
2000.0,59.99327,0.001442681
100.0,10.00126,0.01098856
100.0,10.68672,0.0109868
100.0,11.16685,0.01098431
100.0,11.67954,0.01098452
100.0,12.16344,0.01098423
100.0,12.70753,0.01098051
100.0,13.20912,0.01097992
100.0,13.68568,0.01097852
100.0,14.18581,0.0109744
100.0,14.70212,0.01097036
100.0,15.18909,0.01096526
100.0,15.6906,0.01095909
100.0,16.1756,0.01095351
100.0,16.69959,0.01087351
100.0,17.19162,0.01093491
100.0,17.69945,0.01092296
100.0,18.1932,0.01091027
100.0,18.70622,0.01089495
100.0,19.19517,0.01087808
100.0,19.69781,0.01086131
100.0,20.21132,0.01084424
100.0,20.69112,0.01082057
100.0,21.20493,0.01079794
100.0,21.69723,0.01077398
100.0,22.20078,0.01074596
100.0,22.71243,0.01071807
100.0,23.19323,0.01068971
100.0,23.69301,0.01065636
100.0,24.19208,0.01062501
100.0,24.6785,0.01059243
100.0,25.19762,0.01055502
100.0,25.68435,0.01068203
100.0,26.19156,0.01047961
100.0,26.70393,0.01043937
100.0,27.19175,0.01039693
100.0,27.6968,0.01035439
100.0,28.19421,0.01030869
100.0,28.71568,0.01025733
100.0,29.19925,0.01020877
100.0,29.68923,0.01015883
100.0,30.19502,0.01010208
100.0,30.83741,0.0100378
100.0,31.25008,0.009973279
100.0,31.67757,0.009909332
100.0,32.20468,0.009807575
100.0,32.68777,0.009077108
100.0,33.57052,0.001071339
100.0,33.93544,0.0009414332
100.0,34.30222,0.0008344383
100.0,34.72533,0.0007407169
100.0,35.59419,0.0006004727
100.0,35.98737,0.0005517419
100.0,36.3706,0.0005111204
100.0,36.76281,0.0004767816
100.0,37.20774,0.0004447147
100.0,37.69544,0.0004147799
100.0,38.19379,0.0003889708
100.0,38.69394,0.0003655031
100.0,39.19662,0.0003466227
100.0,39.69615,0.0003301405
100.0,40.63531,0.0003041051
100.0,41.02543,0.0002947392
100.0,41.40401,0.0002865891
100.0,41.8019,0.0002790709
100.0,42.18831,0.0002719651
100.0,42.714,0.0002631579
100.0,43.19988,0.000256381
100.0,43.69472,0.0002497601
100.0,44.20124,0.000243789
100.0,44.69269,0.0002374836
100.0,45.18932,0.0002318888
100.0,45.69196,0.0002276018
100.0,46.17604,0.0002227634
100.0,46.67645,0.0002187129
100.0,47.19736,0.00021396
100.0,47.68246,0.0002106995
100.0,48.19415,0.0002072183
100.0,48.68432,0.0002039689
100.0,49.19493,0.0001585796
100.0,49.68995,0.0001970284
100.0,50.20089,0.0001928098
100.0,50.84825,0.0001914019
100.0,51.2309,0.0001880159
100.0,51.69791,0.0001905953
100.0,52.58133,0.0001817679
100.0,52.98196,0.0001798047
100.0,53.37887,0.0001785904
100.0,53.76347,0.0001768086
100.0,54.20396,0.0001746468
100.0,54.68559,0.0001728303
100.0,55.19763,0.0001706926
100.0,55.69958,0.0001687792
100.0,56.18401,0.0001659292
100.0,56.69743,0.0001654618
100.0,57.20448,0.0001631421
100.0,57.69849,0.0001626001
100.0,58.18237,0.00016077
100.0,58.68322,0.0001593142
100.0,59.21864,0.0001567478
100.0,59.69469,0.0001556398
100.0,59.99327,0.0001586292
